Apple Iphone 7plus (128gb) Uk Used With Full Ac...,"225,000"
,
iPhone 7 Plus 32GB (BRAND NEW!),"220,000"
,
IPhone 7plus,"240,000"
,
Iphone 7plus,"215,000"
,
Water Resistant Iphone 7 plus 128GB with Charger,"228,000"
,
Original Iphone7 plus 4G LTE no iCloud swapping...,"175,000"
,
Apple iPhone 7 Plus 128GB with Charger,"230,000"
,
iPhone 7Plus 256gb Matte Black,"260,000"
,
Neat Apple iPhone 7 Plus (128GB) with Charger,"222,000"
,
Apple iphone 7 plus,"150,000"
,
Apple Iphone 7 plus 128GB with free Charger,"230,000"
,
2 months used iphone 7plus 32gigabyte,"210,000"
